â¸®861, 949, 1007, 
789, 794, 852, 
589, 656, 709, 
431, 547, 587, 
311, 448, 480, 
629, 374, 543, 
464, 482, 409, 
712, 414, 419, 
840, 516, 347, 
821, 430, 291, 
864, 486, 421, 
796, 499, 435, 
743, 583, 491, 
969, 523, 496, 
908, 484, 457, 
688, 435, 461, 
548, 448, 383, 
658, 554, 445, 
714, 457, 382, 
634, 381, 359, 
467, 425, 371, 
336, 439, 447, 
833, 364, 505, 
935, 342, 604, 
845, 291, 502, 
636, 246, 470, 
468, 254, 428, 
337, 227, 455, 
298, 283, 395, 
203, 240, 382, 
166, 263, 330, 
105, 222, 352, 
89, 241, 391, 
101, 221, 331, 
129, 423, 502, 
311, 490, 490, 
614, 348, 409, 
722, 536, 989, 
602, 445, 991, 
440, 370, 1002, 
316, 309, 845, 
356, 299, 703, 
299, 320, 580, 
209, 316, 480, 
150, 263, 398, 
154, 282, 506, 
128, 236, 421, 
213, 387, 350, 
293, 367, 305, 
541, 547, 561, 
590, 767, 466, 
667, 725, 495, 
490, 600, 410, 
355, 494, 398, 
250, 412, 409, 
216, 390, 560, 
180, 324, 653, 
203, 268, 654, 
216, 297, 537, 
201, 355, 445, 
163, 330, 369, 
189, 308, 379, 
121, 340, 326, 
333, 329, 365, 
548, 353, 450, 
616, 356, 439, 
574, 304, 367, 
468, 267, 329, 
364, 271, 369, 
319, 264, 432, 
334, 304, 466, 
335, 348, 589, 
318, 290, 494, 
298, 247, 537, 
402, 222, 525, 
358, 234, 436, 
372, 249, 463, 
261, 268, 423, 
178, 228, 515, 
116, 220, 544, 
138, 461, 497, 
293, 343, 590, 
592, 406, 491, 
703, 379, 421, 
678, 358, 397, 
604, 338, 519, 
500, 352, 474, 
380, 295, 468, 
311, 276, 453, 
446, 281, 528, 
403, 290, 456, 
284, 243, 707, 
194, 204, 584, 
191, 247, 480, 
184, 278, 401, 
207, 231, 489, 
259, 262, 543, 
471, 352, 453, 
344, 346, 634, 
241, 391, 525, 
292, 432, 435, 
202, 376, 359, 
487, 1007, 990, 
874, 857, 838, 
835, 710, 694, 
839, 584, 781, 
631, 584, 648, 
712, 624, 537, 
550, 515, 471, 
491, 429, 390, 
616, 503, 443, 
581, 419, 554, 
710, 412, 485, 
766, 676, 449, 
705, 700, 622, 
520, 578, 519, 
379, 649, 577, 
286, 538, 568, 
488, 443, 470, 
781, 651, 453, 
583, 540, 664, 
434, 648, 547, 
539, 539, 454, 
390, 445, 462, 
373, 565, 459, 
272, 471, 382, 
194, 525, 463, 
512, 435, 382, 
465, 363, 379, 
333, 388, 460, 
235, 347, 404, 
342, 297, 608, 
575, 460, 523, 
420, 426, 544, 
358, 351, 681, 
410, 444, 564, 
332, 370, 465, 
239, 306, 453, 
184, 402, 479, 
221, 335, 603, 
403, 500, 499, 
669, 462, 840, 
489, 393, 742, 
357, 342, 612, 
249, 287, 513, 
235, 246, 494, 
225, 210, 414, 
308, 327, 406, 
579, 408, 432, 
423, 349, 367, 
300, 311, 300, 
344, 426, 336, 
286, 734, 356, 
197, 605, 308, 
288, 502, 771, 
212, 525, 721, 
358, 1002, 696, 
367, 848, 796, 
354, 703, 656, 
273, 584, 545, 
211, 484, 617, 
266, 402, 581, 
178, 332, 575, 
288, 328, 551, 
385, 274, 455, 
400, 246, 505, 
457, 296, 485, 
325, 245, 515, 
230, 205, 426, 
255, 463, 387, 
250, 475, 531, 
231, 591, 559, 
267, 490, 464, 
537, 407, 507, 
480, 356, 675, 
350, 394, 555, 
250, 344, 460, 
363, 284, 411, 
307, 287, 346, 
230, 372, 308, 
401, 375, 441, 
454, 1011, 985, 
847, 856, 830, 
919, 714, 686, 
935, 591, 811, 
713, 513, 670, 
679, 495, 917, 
497, 578, 763, 
374, 479, 629, 
736, 477, 529, 
548, 538, 549, 
726, 613, 454, 
985, 507, 596, 
675, 431, 510, 
497, 438, 451, 
607, 385, 563, 
469, 336, 463, 
700, 356, 523, 
521, 495, 753, 
490, 408, 623, 
357, 339, 570, 
632, 441, 710, 
844, 364, 886, 
718, 555, 737, 
652, 460, 683, 
973, 409, 563, 
930, 341, 482, 
710, 911, 992, 
753, 810, 835, 
889, 671, 694, 
872, 583, 655, 
657, 486, 717, 
483, 822, 700, 
539, 679, 577, 
627, 567, 479, 
491, 483, 511, 
507, 403, 422, 
367, 417, 406, 
439, 483, 529, 
763, 549, 439, 
811, 458, 364, 
881, 444, 405, 
895, 367, 385, 
828, 357, 463, 
995, 489, 426, 
657, 407, 354, 
482, 514, 491, 
351, 433, 406, 
404, 362, 336, 
674, 370, 615, 
675, 527, 416, 
494, 504, 345, 
719, 360, 431, 
749, 424, 374, 
841, 352, 334, 
860, 296, 292, 
881, 299, 358, 
813, 252, 341, 
796, 209, 402, 
616, 190, 355, 
505, 168, 428, 
368, 219, 405, 
272, 466, 483, 
332, 422, 401, 
442, 377, 575, 
782, 501, 575, 
921, 353, 474, 
887, 391, 445, 
881, 352, 516, 
861, 311, 525, 
826, 260, 474, 
660, 251, 507, 
494, 209, 450, 
356, 287, 430, 
250, 238, 470, 
246, 470, 574, 
584, 390, 477, 
672, 333, 520, 
744, 425, 553, 
807, 630, 669, 
832, 681, 626, 
806, 601, 572, 
695, 794, 623, 
614, 655, 731, 
528, 542, 610, 
413, 452, 645, 
375, 374, 569, 
265, 315, 523, 
272, 427, 436, 
394, 354, 416, 
550, 317, 442, 
677, 294, 367, 
764, 258, 367, 
797, 288, 402, 
830, 264, 405, 
847, 218, 337, 
725, 216, 280, 
679, 182, 273, 
524, 156, 281, 
378, 202, 518, 
271, 483, 1003, 
268, 404, 972, 
503, 334, 811, 
682, 282, 672, 
823, 303, 619, 
831, 290, 606, 
834, 1008, 989, 
629, 926, 843, 
845, 775, 697, 
692, 639, 884, 
512, 531, 738, 
830, 616, 611, 
800, 513, 504, 
597, 423, 579, 
459, 437, 481, 
634, 462, 400, 
563, 384, 387, 
469, 622, 490, 
850, 551, 413, 
874, 459, 560, 
844, 419, 561, 
872, 394, 463, 
907, 472, 640, 
881, 395, 624, 
667, 375, 774, 
492, 534, 815, 
430, 601, 672, 
547, 479, 597, 
396, 395, 638, 
536, 453, 624, 
444, 375, 671, 
538, 400, 554, 
604, 480, 906, 
983, 941, 752, 
925, 787, 626, 
725, 648, 517, 
536, 538, 537, 
455, 444, 440, 
491, 710, 437, 
350, 587, 462, 
342, 486, 449, 
798, 401, 417, 
668, 576, 346, 
633, 476, 391, 
934, 456, 324, 
864, 382, 402, 
652, 518, 483, 
590, 549, 508, 
445, 453, 491, 
348, 600, 507, 
854, 511, 563, 
647, 429, 607, 
473, 389, 504, 
497, 323, 654, 
686, 273, 541, 
677, 610, 654, 
528, 507, 542, 
383, 512, 523, 
340, 428, 484, 
427, 366, 403, 
605, 581, 334, 
511, 649, 320, 
376, 438, 556, 
335, 361, 462, 
291, 304, 480, 
266, 342, 510, 
302, 326, 428, 
338, 329, 438, 
249, 432, 405, 
216, 402, 531, 
160, 494, 593, 
340, 457, 643, 
265, 378, 802, 
525, 490, 1001, 
507, 404, 999, 
371, 339, 843, 
312, 282, 701, 
310, 281, 577, 
295, 292, 525, 
341, 340, 552, 
393, 295, 597, 
280, 289, 551, 
224, 244, 631, 
147, 611, 523, 
383, 584, 467, 
308, 480, 855, 
396, 592, 707, 
393, 738, 588, 
317, 613, 484, 
293, 600, 569, 
308, 495, 468, 
318, 414, 481, 
281, 378, 445, 
261, 336, 429, 
176, 279, 540, 
192, 237, 446, 
189, 266, 482, 
260, 312, 573, 
271, 346, 474, 
187, 381, 393, 
468, 409, 374, 
372, 340, 457, 
261, 332, 410, 
284, 349, 416, 
338, 315, 346, 
272, 260, 397, 
209, 369, 394, 
214, 307, 396, 
236, 395, 489, 
306, 359, 477, 
324, 300, 466, 
340, 691, 999, 
703, 1001, 845, 
938, 850, 703, 
873, 701, 768, 
775, 583, 885, 
575, 481, 864, 
683, 865, 1003, 
666, 720, 853, 
539, 593, 831, 
563, 507, 870, 
670, 531, 920, 
802, 524, 795, 
918, 533, 662, 
887, 483, 851, 
696, 401, 990, 
769, 403, 982, 
667, 441, 976, 
597, 365, 817, 
729, 358, 781, 
602, 594, 883, 
495, 494, 814, 
393, 537, 770, 
360, 446, 869, 
353, 406, 787, 
250, 337, 694, 
176, 285, 763, 
531, 453, 768, 
462, 983, 832, 
629, 825, 858, 
694, 686, 880, 
509, 565, 982, 
497, 472, 829, 
735, 625, 688, 
548, 519, 574, 
398, 590, 810, 
721, 538, 676, 
718, 446, 932, 
535, 560, 942, 
387, 471, 880, 
619, 486, 754, 
499, 406, 838, 
640, 369, 974, 
776, 357, 927, 
798, 522, 777, 
755, 443, 640, 
580, 368, 533, 
480, 452, 495, 
590, 542, 482, 
691, 448, 477, 
646, 375, 465, 
633, 309, 410, 
642, 325, 341, 
565, 271, 336, 
415, 360, 354, 
294, 337, 488, 
343, 385, 580, 
518, 324, 530, 
430, 268, 438, 
529, 277, 367, 
381, 229, 358, 
331, 479, 304, 
354, 396, 357, 
679, 327, 353, 
747, 304, 358, 
776, 252, 377, 
711, 228, 381, 
523, 206, 393, 
384, 509, 482, 
339, 420, 731, 
568, 350, 471, 
693, 291, 480, 
588, 294, 395, 
554, 248, 330, 
423, 207, 274, 
305, 369, 507, 
206, 303, 420, 
452, 256, 440, 
617, 247, 369, 
495, 247, 318, 
357, 210, 420, 
334, 631, 689, 
332, 960, 573, 
228, 802, 472, 
154, 665, 455, 
340, 549, 446, 
689, 456, 476, 
611, 379, 482, 
515, 314, 686, 
474, 330, 673, 
459, 335, 1006, 
358, 282, 992, 
249, 235, 842, 
177, 260, 694, 
127, 245, 578, 
82, 248, 597, 
112, 281, 549, 
191, 314, 491, 
485, 363, 418, 
691, 319, 651, 
738, 409, 678, 
590, 458, 661, 
483, 469, 548, 
346, 442, 569, 
275, 441, 527, 
346, 522, 615, 
471, 511, 620, 
390, 426, 516, 
302, 494, 431, 
208, 554, 471, 
132, 626, 930, 
148, 521, 1003, 
155, 431, 998, 
259, 430, 991, 
520, 394, 839, 
688, 325, 729, 
624, 276, 791, 
566, 460, 832, 
442, 306, 847, 
318, 362, 803, 
245, 317, 715, 
293, 264, 800, 
325, 245, 659, 
253, 302, 797, 
172, 358, 812, 
105, 301, 735, 
76, 309, 709, 
93, 345, 754, 
77, 307, 769, 
90, 349, 942, 
68, 295, 884, 
58, 347, 949, 
89, 385, 902, 
93, 345, 940, 
59, 388, 848, 
67, 322, 800, 
64, 267, 860, 
58, 292, 904, 
81, 248, 750, 
59, 210, 781, 
62, 211, 752, 
49, 192, 740, 
63, 164, 639, 
44, 159, 530, 
74, 146, 610, 
156, 122, 501, 
45, 179, 415, 
64, 149, 348, 
44, 146, 428, 
77, 143, 361, 
51, 151, 413, 
50, 132, 389, 
31, 118, 324, 
33, 128, 451, 
65, 151, 438, 
34, 174, 396, 
30, 162, 343, 
56, 182, 419, 
51, 184, 415, 
61, 166, 347, 
44, 153, 289, 
52, 203, 280, 
48, 201, 381, 
34, 207, 319, 
76, 226, 327, 
68, 292, 363, 
45, 241, 539, 
57, 206, 656, 
56, 202, 626, 
49, 173, 519, 
38, 152, 427, 
67, 138, 359, 
39, 134, 305, 
54, 175, 379, 
41, 152, 406, 
42, 167, 394, 
49, 163, 367, 
68, 199, 435, 
71, 195, 448, 
60, 175, 383, 
108, 147, 336, 
100, 186, 281, 
136, 192, 543, 
98, 200, 441, 
80, 170, 387, 
51, 200, 409, 
46, 248, 380, 
70, 420, 346, 
49, 619, 470, 
60, 515, 506, 
93, 661, 886, 
113, 756, 739, 
100, 753, 608, 
102, 625, 506, 
91, 513, 778, 
77, 429, 648, 
84, 358, 534, 
131, 295, 443, 
83, 250, 368, 
69, 209, 334, 
56, 180, 355, 
48, 160, 466, 
55, 145, 403, 
42, 166, 510, 
35, 169, 565, 
52, 147, 706, 
48, 154, 585, 
66, 130, 483, 
35, 128, 402, 
57, 113, 336, 
53, 115, 277, 
47, 115, 236, 
64, 118, 295, 
48, 154, 342, 
65, 160, 286, 
39, 134, 237, 
45, 153, 224, 
35, 148, 230, 
31, 125, 197, 
47, 268, 181, 
46, 129, 238, 
60, 155, 306, 
32, 171, 270, 
47, 211, 318, 
50, 229, 266, 
42, 196, 282, 
45, 163, 313, 
44, 143, 308, 
55, 154, 290, 
49, 154, 301, 
67, 174, 314, 
45, 168, 296, 
38, 166, 294, 
48, 174, 380, 
51, 148, 319, 
70, 162, 265, 
42, 139, 242, 
40, 151, 257, 
47, 135, 228, 
32, 117, 213, 
53, 108, 210, 
48, 130, 193, 
68, 131, 226, 
43, 140, 227, 
34, 211, 346, 
73, 233, 368, 
418, 1008, 1008, 
881, 859, 856, 
947, 708, 711, 
891, 588, 603, 
672, 609, 545, 
604, 505, 611, 
441, 475, 535, 
448, 413, 441, 
707, 346, 529, 
694, 467, 635, 
882, 399, 705, 
886, 616, 635, 
700, 580, 842, 
520, 501, 696, 
758, 578, 622, 
844, 619, 702, 
850, 514, 584, 
794, 554, 482, 
590, 620, 439, 
434, 511, 414, 
461, 693, 352, 
793, 571, 304, 
751, 512, 266, 
826, 475, 490, 
619, 397, 398, 
598, 476, 500, 
805, 435, 419, 
814, 381, 486, 
714, 513, 408, 
779, 422, 452, 
682, 379, 461, 
712, 365, 503, 
768, 436, 486, 
846, 608, 577, 
761, 506, 503, 
699, 441, 633, 
521, 506, 530, 
376, 417, 441, 
471, 350, 487, 
755, 514, 406, 
772, 427, 490, 
606, 357, 408, 
448, 507, 494, 
396, 423, 504, 
457, 419, 676, 
650, 454, 560, 
821, 374, 460, 
771, 698, 514, 
754, 575, 552, 
688, 539, 724, 
505, 825, 800, 
509, 686, 665, 
894, 578, 653, 
909, 593, 869, 
804, 952, 718, 
606, 798, 595, 
441, 659, 695, 
319, 547, 840, 
422, 464, 701, 
631, 386, 575, 
790, 519, 907, 
691, 519, 753, 
516, 670, 887, 
586, 697, 870, 
534, 579, 609, 
541, 476, 595, 
638, 398, 544, 
468, 450, 520, 
340, 400, 521, 
233, 521, 523, 
507, 435, 750, 
867, 373, 619, 
911, 304, 573, 
896, 392, 587, 
776, 310, 576, 
579, 257, 541, 
428, 219, 546, 
302, 398, 728, 
312, 517, 690, 
495, 790, 726, 
866, 743, 682, 
907, 612, 567, 
890, 508, 570, 
671, 498, 641, 
766, 432, 526, 
679, 397, 438, 
504, 768, 370, 
816, 635, 335, 
833, 526, 480, 
622, 599, 653, 
688, 613, 537, 
734, 637, 546, 
813, 528, 609, 
899, 438, 507, 
913, 363, 506, 
897, 394, 574, 
893, 404, 613, 
732, 483, 511, 
544, 700, 710, 
700, 781, 591, 
716, 643, 739, 
789, 535, 657, 
889, 441, 558, 
676, 539, 835, 
684, 507, 686, 
654, 930, 860, 
893, 900, 936, 
908, 751, 778, 
859, 620, 793, 
649, 513, 830, 
476, 838, 689, 
791, 691, 658, 
588, 575, 547, 
595, 536, 641, 
435, 509, 507, 
391, 675, 646, 
513, 637, 489, 
861, 525, 445, 
649, 734, 588, 
625, 605, 513, 
640, 665, 637, 
612, 548, 576, 
949, 456, 557, 
861, 376, 717, 
652, 801, 597, 
786, 659, 490, 
871, 549, 551, 
811, 536, 464, 
607, 447, 527, 
446, 394, 488, 
374, 368, 410, 
322, 422, 411, 
282, 542, 678, 
568, 506, 597, 
552, 460, 578, 
614, 439, 479, 
449, 403, 397, 
324, 334, 329, 
223, 278, 427, 
149, 424, 444, 
207, 483, 551, 
341, 403, 455, 
313, 411, 423, 
365, 360, 449, 
436, 407, 511, 
399, 438, 421, 
445, 495, 518, 
433, 435, 481, 
462, 519, 497, 
483, 432, 524, 
345, 358, 436, 
245, 425, 444, 
334, 544, 480, 
283, 452, 410, 
218, 381, 496, 
339, 843, 526, 
298, 899, 462, 
206, 750, 425, 
435, 617, 719, 
416, 513, 745, 
306, 630, 932, 
328, 526, 774, 
492, 432, 655, 
473, 362, 619, 
435, 299, 539, 
437, 462, 586, 
381, 499, 562, 
323, 480, 525, 
295, 560, 489, 
374, 536, 526, 
371, 477, 510, 
384, 488, 421, 
515, 513, 512, 
508, 793, 438, 
457, 734, 574, 
488, 609, 472, 
351, 951, 599, 
487, 797, 583, 
381, 658, 661, 
507, 546, 544, 
363, 633, 453, 
338, 527, 437, 
283, 574, 367, 
243, 615, 351, 
277, 506, 998, 
542, 911, 842, 
838, 948, 700, 
749, 843, 577, 
554, 779, 578, 
406, 684, 577, 
834, 629, 482, 
630, 730, 397, 
890, 759, 460, 
893, 631, 532, 
672, 942, 541, 
945, 789, 445, 
919, 651, 486, 
701, 864, 401, 
735, 803, 465, 
744, 753, 384, 
857, 622, 370, 
827, 644, 355, 
780, 533, 478, 
584, 668, 508, 
565, 763, 431, 
590, 632, 450, 
699, 713, 629, 
639, 692, 517, 
739, 572, 449, 
887, 729, 732, 
668, 601, 608, 
548, 920, 892, 
837, 768, 744, 
873, 633, 612, 
768, 527, 843, 
575, 643, 915, 
820, 647, 734, 
615, 625, 602, 
451, 519, 501, 
704, 429, 429, 
693, 549, 437, 
512, 452, 591, 
733, 517, 493, 
917, 426, 404, 
790, 385, 341, 
854, 602, 368, 
811, 509, 486, 
694, 625, 432, 
736, 633, 494, 
546, 522, 467, 
399, 434, 502, 
567, 451, 467, 
649, 379, 552, 
630, 457, 679, 
467, 369, 564, 
333, 330, 507, 
615, 503, 497, 
739, 525, 409, 
817, 441, 518, 
609, 362, 598, 
450, 305, 490, 
320, 461, 993, 
336, 424, 872, 
327, 441, 725, 
229, 490, 598, 
224, 409, 546, 
184, 403, 666, 
203, 423, 576, 
157, 352, 815, 
306, 699, 684, 
445, 591, 845, 
688, 492, 836, 
785, 506, 687, 
482, 423, 784, 
452, 353, 647, 
246, 356, 820, 
345, 410, 677, 
343, 429, 562, 
258, 698, 500, 
203, 534, 590, 
244, 469, 620, 
190, 390, 511, 
284, 429, 426, 
564, 568, 536, 
761, 494, 715, 
671, 865, 590, 
492, 714, 490, 
372, 594, 828, 
352, 488, 701, 
250, 409, 577, 
275, 483, 480, 
297, 404, 445, 
416, 414, 452, 
373, 370, 619, 
260, 441, 679, 
190, 369, 809, 
175, 304, 672, 
377, 414, 589, 
695, 389, 491, 
730, 496, 514, 
546, 517, 584, 
446, 432, 531, 
393, 418, 443, 
314, 383, 501, 
311, 473, 591, 
336, 443, 558, 
339, 453, 633, 
346, 473, 520, 
350, 418, 659, 
358, 377, 551, 
293, 394, 663, 
343, 438, 633, 
282, 363, 629, 
195, 302, 517, 
265, 421, 439, 
566, 349, 428, 
437, 482, 409, 
609, 550, 416, 
693, 604, 426, 
534, 598, 357, 
396, 531, 376, 
388, 594, 381, 
390, 588, 463, 
425, 547, 387, 
301, 450, 404, 
217, 377, 398, 
314, 338, 489, 
261, 342, 409, 
227, 400, 425, 
214, 363, 413, 
277, 509, 354, 
237, 444, 505, 
859, 522, 537, 
802, 431, 448, 
604, 361, 370, 
604, 379, 647, 
471, 730, 976, 
685, 1010, 823, 
863, 856, 681, 
788, 711, 1000, 
591, 587, 843, 
431, 514, 702, 
920, 621, 688, 
697, 884, 573, 
961, 737, 473, 
922, 607, 691, 
704, 516, 604, 
773, 426, 502, 
891, 870, 434, 
670, 744, 378, 
749, 838, 352, 
614, 767, 344, 
782, 638, 316, 
955, 620, 319, 
870, 585, 388, 
654, 523, 552, 
560, 469, 600, 
435, 688, 536, 
879, 572, 442, 
842, 470, 534, 
636, 394, 537, 
610, 326, 446, 
451, 456, 376, 
402, 525, 441, 
387, 536, 1000, 
303, 474, 844, 
282, 395, 703, 
315, 335, 578, 
667, 484, 571, 
509, 408, 470, 
365, 432, 733, 
475, 445, 727, 
356, 418, 630, 
417, 350, 525, 
500, 360, 775, 
359, 406, 645, 
313, 386, 531, 
643, 490, 485, 
593, 564, 400, 
432, 542, 376, 
311, 451, 466, 
268, 501, 716, 
386, 704, 590, 
604, 579, 490, 
759, 482, 660, 
803, 655, 613, 
846, 547, 540, 
633, 694, 590, 
466, 604, 596, 
363, 578, 859, 
474, 746, 819, 
457, 737, 676, 
682, 808, 623, 
542, 689, 513, 
393, 729, 493, 
435, 815, 469, 
408, 674, 599, 
385, 559, 500, 
512, 694, 559, 
479, 578, 632, 
514, 574, 525, 
377, 603, 432, 
475, 504, 524, 
448, 558, 579, 
495, 845, 536, 
515, 836, 754, 
558, 978, 874, 
482, 876, 725, 
427, 773, 635, 
308, 642, 685, 
540, 846, 612, 
589, 809, 617, 
618, 718, 514, 
457, 661, 487, 
667, 859, 403, 
495, 1005, 1007, 
545, 1010, 854, 
797, 858, 706, 
877, 769, 759, 
753, 637, 626, 
720, 640, 519, 
630, 618, 429, 
723, 846, 495, 
818, 701, 569, 
879, 577, 472, 
776, 480, 390, 
894, 400, 328, 
679, 409, 446, 
884, 401, 374, 
889, 543, 309, 
792, 451, 478, 
827, 375, 514, 
643, 537, 429, 
961, 494, 533, 
892, 410, 572, 
728, 447, 841, 
540, 369, 699, 
875, 492, 618, 
1011, 416, 514, 
956, 498, 446, 
899, 411, 527, 
787, 383, 1008, 
723, 1010, 857, 
891, 857, 777, 
672, 711, 681, 
674, 590, 561, 
932, 716, 598, 
889, 754, 493, 
785, 624, 481, 
918, 518, 453, 
810, 427, 506, 
668, 709, 519, 
795, 585, 669, 
986, 546, 552, 
918, 486, 467, 
989, 588, 386, 
942, 540, 411, 
849, 771, 404, 
682, 780, 495, 
595, 648, 410, 
436, 642, 543, 
310, 659, 611, 
353, 653, 510, 
588, 738, 610, 
774, 612, 583, 
580, 507, 483, 
810, 438, 467, 
897, 366, 468, 
898, 363, 435, 
851, 314, 564, 
826, 401, 571, 
766, 331, 660, 
706, 354, 895, 
575, 312, 747, 
635, 278, 616, 
623, 550, 579, 
619, 512, 559, 
674, 526, 565, 
856, 435, 469, 
881, 493, 409, 
875, 542, 524, 
863, 512, 591, 
824, 425, 488, 
697, 462, 404, 
516, 386, 787, 
377, 436, 648, 
262, 359, 536, 
179, 487, 528, 
170, 529, 501, 
347, 458, 444, 
758, 459, 449, 
794, 563, 481, 
815, 516, 585, 
860, 640, 483, 
768, 610, 797, 
755, 570, 660, 
548, 892, 544, 
396, 740, 655, 
289, 615, 540, 
197, 508, 539, 
165, 423, 455, 
149, 352, 416, 
98, 293, 503, 
51, 250, 514, 
64, 219, 690, 
73, 204, 652, 
56, 184, 608, 
53, 196, 524, 
53, 199, 432, 
77, 217, 544, 
51, 282, 481, 
66, 239, 501, 
79, 278, 413, 
57, 231, 463, 
68, 229, 534, 
91, 197, 524, 
83, 208, 431, 
83, 217, 403, 
58, 263, 688, 
77, 223, 568, 
61, 189, 496, 
69, 269, 997, 
363, 1007, 991, 
926, 853, 835, 
906, 706, 693, 
841, 588, 611, 
631, 483, 503, 
589, 486, 419, 
431, 430, 522, 
331, 462, 429, 
591, 385, 362, 
530, 490, 336, 
716, 474, 464, 
830, 574, 556, 
815, 476, 456, 
606, 397, 513, 
515, 346, 586, 
439, 382, 635, 
437, 445, 757, 
641, 416, 685, 
474, 382, 582, 
352, 350, 543, 
445, 393, 647, 
472, 439, 589, 
481, 332, 685, 
366, 275, 571, 
261, 382, 472, 
418, 313, 426, 
315, 992, 991, 
754, 839, 836, 
896, 694, 690, 
866, 577, 664, 
658, 620, 550, 
990, 516, 547, 
942, 427, 469, 
726, 716, 441, 
539, 780, 367, 
664, 646, 488, 
492, 781, 457, 
836, 644, 409, 
796, 534, 478, 
598, 444, 395, 
744, 663, 471, 
625, 548, 390, 
588, 797, 499, 
477, 928, 447, 
933, 777, 503, 
901, 643, 509, 
849, 530, 564, 
635, 662, 607, 
558, 658, 504, 
538, 544, 440, 
389, 466, 517, 
294, 540, 471, 
358, 444, 596, 
370, 369, 490, 
336, 433, 524, 
362, 363, 1002, 
252, 404, 967, 
491, 341, 918, 
752, 409, 868, 
771, 396, 1004, 
657, 531, 971, 
488, 565, 942, 
474, 467, 831, 
345, 402, 756, 
377, 403, 723, 
302, 342, 783, 
345, 348, 648, 
338, 284, 539, 
268, 238, 622, 
369, 340, 675, 
346, 308, 746, 
296, 299, 756, 
248, 416, 619, 
189, 379, 529, 
359, 588, 600, 
333, 490, 559, 
285, 655, 462, 
439, 544, 645, 
402, 451, 569, 
283, 640, 828, 
372, 908, 684, 
313, 754, 569, 
214, 624, 601, 
289, 518, 572, 
467, 578, 476, 
578, 423, 723, 
543, 538, 644, 
391, 451, 638, 
320, 378, 606, 
321, 536, 751, 
562, 445, 695, 
536, 371, 677, 
385, 355, 571, 
328, 453, 664, 
404, 527, 567, 
619, 638, 472, 
842, 581, 497, 
803, 481, 461, 
603, 399, 581, 
441, 448, 610, 
348, 593, 591, 
376, 489, 603, 
446, 562, 669, 
564, 482, 550, 
580, 516, 457, 
496, 790, 432, 
552, 668, 468, 
476, 554, 540, 
342, 733, 651, 
288, 820, 611, 
331, 817, 510, 
258, 772, 633, 
285, 636, 523, 
194, 824, 439, 
318, 682, 421, 
376, 562, 530, 
269, 524, 519, 
491, 680, 518, 
477, 614, 761, 
387, 530, 937, 
338, 457, 866, 
274, 741, 721, 
188, 651, 702, 
156, 703, 674, 
226, 631, 557, 
161, 637, 461, 
562, 556, 554, 
517, 757, 548, 
720, 629, 648, 
534, 554, 629, 
388, 459, 693, 
289, 531, 696, 
282, 526, 578, 
585, 435, 719, 
602, 410, 741, 
444, 343, 610, 
323, 341, 577, 
303, 458, 625, 
280, 517, 658, 
243, 601, 634, 
162, 496, 606, 
128, 419, 532, 
149, 370, 527, 
136, 336, 605, 
130, 381, 530, 
120, 362, 442, 
135, 359, 481, 
111, 370, 497, 
89, 335, 492, 
80, 282, 512, 
189, 239, 586, 
172, 413, 825, 
170, 380, 686, 
122, 322, 636, 
144, 354, 580, 
146, 356, 551, 
151, 390, 456, 
157, 431, 379, 
204, 419, 316, 
173, 380, 402, 
177, 425, 406, 
156, 393, 448, 
97, 327, 439, 
255, 486, 1003, 
244, 512, 1005, 
229, 439, 849, 
223, 517, 706, 
198, 455, 815, 
200, 615, 831, 
217, 512, 776, 
226, 511, 641, 
226, 538, 534, 
219, 530, 558, 
177, 436, 465, 
199, 488, 481, 
154, 453, 527, 
259, 373, 481, 
313, 477, 575, 
249, 440, 808, 
249, 369, 745, 
193, 469, 619, 
238, 475, 511, 
238, 538, 513, 
261, 448, 450, 
187, 510, 745, 
206, 811, 761, 
249, 984, 629, 
258, 828, 677, 
185, 689, 563, 
144, 566, 588, 
224, 532, 585, 
243, 477, 693, 
246, 486, 791, 
288, 512, 826, 
237, 426, 706, 
269, 480, 585, 
252, 419, 577, 
232, 512, 479, 
273, 466, 547, 
294, 580, 554, 
242, 479, 461, 
270, 417, 658, 
258, 534, 601, 
241, 556, 503, 
267, 572, 452, 
297, 625, 483, 
244, 733, 493, 
251, 644, 582, 
234, 530, 889, 
244, 579, 737, 
281, 759, 611, 
300, 815, 503, 
203, 677, 421, 
160, 604, 347, 
165, 659, 343, 
168, 630, 431, 
196, 519, 623, 
142, 459, 676, 
121, 387, 563, 
98, 424, 501, 
141, 457, 499, 
101, 525, 416, 
130, 433, 487, 
90, 362, 751, 
111, 488, 619, 
91, 405, 520, 
185, 338, 428, 
226, 562, 624, 
203, 496, 753, 
204, 516, 786, 
205, 543, 648, 
188, 589, 538, 
188, 567, 648, 
231, 726, 744, 
247, 600, 768, 
179, 495, 692, 
189, 446, 614, 
201, 371, 510, 
233, 479, 575, 
171, 418, 479, 
110, 350, 401, 
221, 318, 439, 
266, 618, 451, 
177, 509, 477, 
176, 442, 525, 
176, 502, 574, 
144, 417, 474, 
177, 494, 607, 
163, 541, 566, 
173, 447, 471, 
185, 514, 435, 
138, 604, 491, 
174, 505, 447, 
135, 445, 476, 
136, 699, 651, 
370, 645, 615, 
336, 688, 627, 
318, 585, 583, 
297, 624, 551, 
289, 518, 596, 
314, 595, 593, 
226, 671, 571, 
290, 610, 475, 
311, 509, 392, 
297, 642, 329, 
284, 672, 322, 
297, 632, 322, 
216, 586, 327, 
184, 481, 315, 
267, 582, 818, 
321, 482, 680, 
308, 633, 635, 
301, 703, 527, 
259, 581, 628, 
296, 487, 563, 
262, 671, 713, 
204, 553, 661, 
291, 495, 573, 
255, 458, 476, 
225, 485, 436, 
260, 401, 502, 
180, 345, 837, 
260, 416, 859, 
251, 476, 993, 
236, 518, 903, 
224, 431, 935, 
208, 463, 805, 
179, 505, 769, 
206, 536, 744, 
214, 443, 617, 
206, 474, 950, 
226, 835, 791, 
334, 1007, 658, 
466, 853, 545, 
364, 707, 772, 
253, 583, 637, 
172, 770, 530, 
350, 635, 520, 
317, 942, 632, 
409, 782, 685, 
310, 692, 505, 
323, 571, 605, 
222, 473, 500, 
251, 637, 535, 
334, 805, 879, 
314, 984, 736, 
382, 828, 611, 
313, 739, 503, 
297, 608, 543, 
208, 520, 513, 
383, 548, 751, 
275, 967, 928, 
401, 1003, 1001, 
368, 848, 848, 
332, 704, 801, 
232, 601, 660, 
178, 921, 550, 
393, 765, 730, 
277, 985, 780, 
420, 830, 643, 
409, 685, 535, 
392, 566, 709, 
276, 689, 588, 
320, 572, 577, 
221, 753, 597, 
451, 985, 537, 
382, 829, 448, 
326, 690, 736, 
224, 569, 612, 
150, 593, 521, 
327, 644, 590, 
251, 975, 857, 
398, 817, 714, 
342, 675, 657, 
324, 559, 814, 
227, 735, 671, 
418, 605, 558, 
333, 870, 754, 
321, 994, 627, 
441, 842, 822, 
352, 695, 684, 
251, 574, 730, 
172, 732, 1009, 
738, 1010, 854, 
912, 860, 709, 
897, 709, 587, 
677, 589, 499, 
502, 686, 616, 
553, 565, 566, 
657, 470, 469, 
483, 744, 705, 
603, 618, 581, 
638, 510, 483, 
544, 521, 524, 
783, 561, 437, 
737, 466, 621, 
770, 494, 725, 
577, 459, 597, 
593, 416, 496, 
436, 440, 428, 
624, 850, 554, 
720, 706, 457, 
734, 590, 485, 
655, 683, 513, 
696, 562, 513, 
559, 512, 446, 
405, 550, 542, 
290, 458, 445, 
339, 387, 586, 
335, 324, 681, 
625, 385, 700, 
531, 324, 575, 
384, 436, 479, 
275, 365, 395, 
185, 425, 414, 
389, 569, 470, 
836, 516, 484, 
903, 430, 425, 
753, 459, 486, 
709, 523, 401, 
572, 451, 463, 
638, 377, 440, 
984, 360, 677, 
997, 440, 557, 
933, 363, 463, 
821, 305, 381, 
613, 469, 371, 
453, 445, 499, 
422, 368, 531, 
593, 448, 451, 
839, 440, 384, 
761, 368, 603, 
564, 461, 522, 
414, 772, 746, 
294, 637, 620, 
438, 529, 742, 
780, 452, 748, 
725, 939, 747, 
818, 782, 621, 
616, 649, 673, 
449, 535, 558, 
545, 494, 460, 
641, 413, 483, 
607, 506, 615, 
443, 430, 685, 
321, 682, 645, 
460, 561, 617, 
646, 467, 508, 
839, 487, 431, 
861, 406, 408, 
685, 400, 490, 
518, 498, 531, 
399, 558, 646, 
287, 464, 532, 
385, 383, 592, 
684, 321, 487, 
764, 545, 507, 
694, 498, 536, 
515, 411, 590, 
481, 377, 527, 
421, 647, 697, 
304, 540, 1002, 
857, 896, 853, 
968, 745, 705, 
982, 615, 585, 
910, 511, 657, 
687, 577, 546, 
850, 574, 464, 
638, 471, 557, 
472, 688, 577, 
827, 568, 480, 
827, 473, 490, 
708, 708, 550, 
850, 701, 453, 
891, 577, 527, 
842, 480, 528, 
892, 395, 441, 
930, 332, 405, 
781, 467, 347, 
822, 552, 642, 
826, 585, 619, 
624, 784, 554, 
740, 709, 488, 
784, 589, 523, 
816, 535, 437, 
853, 657, 361, 
965, 641, 584, 
881, 531, 482, 
810, 921, 884, 
900, 787, 785, 
910, 648, 653, 
871, 539, 537, 
654, 444, 498, 
921, 704, 409, 
861, 579, 577, 
651, 573, 475, 
768, 721, 444, 
578, 599, 494, 
491, 845, 413, 
500, 820, 403, 
859, 697, 468, 
651, 854, 512, 
475, 705, 512, 
398, 700, 627, 
637, 578, 665, 
830, 480, 680, 
620, 603, 565, 
538, 824, 554, 
609, 678, 528, 
777, 566, 509, 
581, 640, 487, 
423, 531, 484, 
369, 507, 515, 
395, 568, 429, 
283, 602, 417, 
695, 557, 415, 
723, 464, 538, 
729, 574, 447, 
544, 479, 490, 
402, 402, 402, 
281, 337, 528, 
270, 553, 438, 
218, 459, 384, 
219, 450, 452, 
375, 370, 430, 
478, 388, 507, 
422, 418, 423, 
424, 386, 350, 
367, 374, 438, 
432, 411, 618, 
423, 406, 547, 
304, 422, 621, 
477, 349, 517, 
423, 293, 539, 
300, 390, 757, 
284, 543, 627, 
384, 448, 744, 
282, 501, 726, 
525, 874, 595, 
379, 723, 496, 
532, 602, 700, 
482, 495, 974, 
350, 710, 818, 
293, 603, 675, 
549, 501, 558, 
559, 413, 462, 
405, 343, 692, 
432, 294, 570, 
506, 653, 475, 
448, 543, 509, 
361, 447, 425, 
379, 594, 516, 
415, 570, 585, 
531, 547, 482, 
505, 509, 603, 
433, 451, 495, 
460, 783, 480, 
509, 651, 577, 
374, 536, 517, 
436, 725, 427, 
401, 598, 409, 
418, 604, 337, 
447, 502, 285, 
333, 567, 382, 
282, 666, 377, 
318, 552, 569, 
253, 547, 481, 
448, 958, 999, 
581, 873, 848, 
859, 901, 700, 
811, 778, 674, 
610, 738, 554, 
585, 615, 463, 
786, 674, 382, 
687, 705, 494, 
851, 587, 425, 
636, 810, 593, 
473, 768, 489, 
777, 633, 407, 
879, 850, 397, 
730, 703, 359, 
712, 747, 438, 
526, 797, 368, 
723, 662, 355, 
840, 770, 507, 
731, 639, 418, 
541, 707, 501, 
642, 587, 470, 
642, 579, 604, 
476, 523, 573, 
347, 625, 479, 
450, 519, 439, 
682, 699, 678, 
787, 681, 987, 
815, 964, 835, 
816, 811, 690, 
865, 675, 573, 
655, 696, 766, 
568, 752, 637, 
714, 626, 635, 
526, 682, 594, 
450, 566, 490, 
616, 495, 408, 
678, 514, 338, 
790, 474, 761, 
967, 458, 703, 
923, 378, 679, 
887, 384, 560, 
914, 499, 465, 
850, 647, 390, 
778, 588, 506, 
859, 511, 574, 
683, 441, 552, 
675, 369, 529, 
701, 612, 665, 
643, 508, 640, 
485, 613, 633, 
355, 509, 522, 
246, 483, 501, 
191, 432, 584, 
553, 356, 585, 
687, 610, 481, 
584, 503, 401, 
449, 420, 507, 
494, 527, 574, 
438, 438, 588, 
473, 493, 489, 
359, 550, 404, 
249, 539, 511, 
171, 554, 651, 
139, 481, 541, 
256, 461, 785, 
466, 577, 691, 
640, 480, 689, 
637, 545, 574, 
527, 577, 473, 
380, 517, 415, 
274, 432, 533, 
182, 465, 629, 
263, 403, 519, 
287, 477, 432, 
248, 403, 591, 
163, 404, 690, 
163, 348, 651, 
284, 396, 685, 
270, 541, 610, 
551, 447, 523, 
601, 641, 508, 
545, 889, 751, 
401, 741, 671, 
324, 611, 665, 
298, 529, 588, 
272, 446, 489, 
451, 514, 702, 
384, 471, 834, 
349, 548, 689, 
251, 453, 594, 
206, 490, 693, 
205, 404, 575, 
291, 428, 474, 
402, 476, 585, 
691, 626, 619, 
648, 621, 821, 
480, 569, 789, 
366, 580, 656, 
397, 540, 541, 
497, 596, 549, 
510, 524, 660, 
487, 462, 755, 
471, 550, 717, 
568, 537, 727, 
487, 481, 795, 
379, 399, 655, 
278, 371, 544, 
264, 381, 491, 
179, 315, 607, 
118, 343, 857, 
324, 650, 1006, 
561, 849, 984, 
736, 706, 926, 
637, 582, 947, 
473, 763, 790, 
338, 626, 654, 
394, 542, 857, 
413, 745, 739, 
389, 619, 687, 
360, 620, 735, 
249, 510, 655, 
400, 426, 806, 
303, 366, 896, 
217, 344, 777, 
192, 286, 641, 
240, 376, 565, 
268, 594, 582, 
458, 493, 484, 
331, 592, 772, 
370, 600, 641, 
493, 500, 604, 
354, 410, 621, 
670, 1010, 1008, 
770, 856, 858, 
867, 711, 708, 
791, 585, 595, 
595, 488, 492, 
878, 423, 505, 
666, 579, 549, 
564, 886, 789, 
848, 739, 650, 
728, 608, 639, 
544, 552, 654, 
812, 506, 594, 
808, 805, 511, 
733, 848, 551, 
798, 806, 459, 
600, 668, 474, 
713, 551, 397, 
856, 666, 537, 
641, 548, 643, 
481, 458, 595, 
505, 409, 838, 
422, 434, 838, 
842, 506, 698, 
637, 423, 575, 
464, 348, 578, 
338, 295, 477, 
303, 282, 454, 
321, 294, 375, 
220, 286, 315, 
147, 242, 261, 
83, 201, 222, 
60, 175, 187, 
35, 146, 157, 
31, 125, 137, 
39, 109, 118, 
44, 96, 102, 
46, 84, 89, 
47, 76, 80, 
47, 68, 71, 
48, 61, 65, 
47, 54, 58, 
45, 49, 55, 
45, 53, 57, 
45, 50, 53, 
45, 52, 58, 
47, 48, 51, 
45, 53, 53, 
48, 50, 55, 
49, 51, 55, 
49, 56, 53, 
49, 51, 55, 
48, 55, 49, 
48, 51, 54, 
49, 52, 51, 
48, 51, 54, 
49, 53, 51, 
47, 48, 52, 
48, 54, 49, 
45, 53, 58, 
43, 52, 53, 
45, 48, 57, 
46, 52, 54, 
47, 54, 57, 
46, 51, 54, 
46, 54, 58, 
47, 52, 55, 
46, 57, 58, 
46, 57, 52, 
47, 52, 53, 
47, 55, 58, 
49, 54, 59, 
49, 56, 55, 
50, 52, 53, 
48, 54, 50, 
49, 52, 59, 
47, 56, 54, 
48, 52, 58, 
48, 56, 55, 
48, 51, 52, 
47, 58, 59, 
47, 53, 55, 
48, 56, 53, 
48, 51, 118, 
49, 54, 52, 
47, 52, 54, 
49, 56, 55, 
50, 51, 50, 
49, 55, 54, 
50, 52, 51, 
49, 56, 56, 
49, 51, 52, 
50, 55, 54, 
50, 54, 50, 
49, 51, 55, 
49, 55, 56, 
50, 51, 51, 
50, 57, 57, 
47, 52, 55, 
45, 52, 57, 
47, 50, 51, 
50, 54, 50, 
48, 51, 56, 
48, 56, 53, 
46, 50, 58, 
47, 52, 51, 
49, 50, 52, 
50, 55, 55, 
48, 52, 58, 
47, 54, 54, 
44, 48, 51, 
48, 53, 50, 
49, 52, 56, 
49, 56, 54, 
45, 50, 60, 
46, 52, 52, 
48, 49, 54, 
51, 56, 52, 
48, 51, 54, 
